序號,河川名稱,河川代碼,階層,上游河川,主流水系
2.0,小坑溪,102000,1,,小坑溪
3.0,乾華溪,103000,1,,乾華溪
4.0,石門溪,104000,1,,石門溪
5.0,老梅溪,105000,1,,老梅溪
6.0,楓林溪,106000,1,,楓林溪
7.0,八甲溪,107000,1,,八甲溪
8.0,埔坪溪,108000,1,,埔坪溪
9.0,八蓮溪,109000,1,,八蓮溪
10.0,大屯溪,110000,1,,大屯溪
11.0,後州溪,111000,1,,後州溪
12.0,興仁溪,112000,1,,興仁溪
13.0,林子溪,113000,1,,林子溪
14.0,淡水河,114000,1,,淡水河
,大漢溪,114010,2,淡水河,淡水河
,三峽溪,114011,3,大漢溪,淡水河
,大豹溪,11401B,4,三峽溪,淡水河
,麻園溪,11401C,4,三峽溪,淡水河
,中埔溪,11401D,4,三峽溪,淡水河
,竹崙溪,11401E,4,三峽溪,淡水河
,竹坑溪,11401F,4,三峽溪,淡水河
,鶯歌溪(兔子坑溪排水),114012,3,大漢溪,淡水河
,塔寮坑溪排水,114013,3,大漢溪,淡水河
,塔克金溪,114014,3,大漢溪,淡水河
,三光溪,114015,3,大漢溪,淡水河
,泰崗溪,114016,3,大漢溪,淡水河
,白石溪(薩克雅尖溪),114017,3,大漢溪,淡水河
,玉峰溪(馬里闊丸溪),114018,3,大漢溪,淡水河
,永福溪幹線,114019,3,大漢溪,淡水河
,街口溪幹線,11401A,3,大漢溪,淡水河
,觀音溪幹線,11401H,3,大漢溪,淡水河
,三坑溪幹線,11401I,3,大漢溪,淡水河
,打鐵溪幹線,11401J,3,大漢溪,淡水河
,二坪溪幹線,11401K,3,大漢溪,淡水河
,新店溪,114020,2,淡水河,淡水河
,南勢溪,114021,3,新店溪,淡水河
,軋孔溪,11402P,4,南勢溪,淡水河
,大羅蘭溪,11402Q,4,南勢溪,淡水河
,桶後溪,11402A,4,南勢溪,淡水河
,北勢溪,114022,3,新店溪,淡水河
,後寮溪,11402B,4,北勢溪,淡水河
,溪尾寮溪,11402C,4,北勢溪,淡水河
,灣潭溪,11402E,4,北勢溪,淡水河
,金瓜寮溪,11402F,4,北勢溪,淡水河
,石硿子溪,11402G,4,北勢溪,淡水河
,後坑溪,11402H,4,北勢溪,淡水河
,𩻸魚堀溪,11402O,4,北勢溪,淡水河
,景美溪,114023,3,新店溪,淡水河
,烏塗溪,11402I,4,景美溪,淡水河
,指南溪,11402J,4,景美溪,淡水河
,老泉溪,11402K,4,景美溪,淡水河
,無名溪,11402L,4,景美溪,淡水河
,中間溪,11402M,4,景美溪,淡水河
,永定溪,11402N,4,景美溪,淡水河
,青潭溪,114024,3,新店溪,淡水河
,基隆河,114030,2,淡水河,淡水河
,深澳坑溪排水,11403O,3,基隆河,淡水河
,大內坑溪排水,11403P,3,基隆河,淡水河
,暖暖溪（含東勢坑溪）,114031,3,基隆河,淡水河
,大武崙溪,114032,3,基隆河,淡水河
,拔西猴溪,114033,3,基隆河,淡水河
,瑪陵坑溪,114034,3,基隆河,淡水河
,友蚋溪,114035,3,基隆河,淡水河
,保長坑溪,114036,3,基隆河,淡水河
,茄苳溪,114037,3,基隆河,淡水河
,禮門溪,114038,3,基隆河,淡水河
,智慧溪,114039,3,基隆河,淡水河
,北港溪,11403A,3,基隆河,淡水河
,康誥坑溪,11403B,3,基隆河,淡水河
,下寮溪,11403C,3,基隆河,淡水河
,大坑溪排水,11403D,3,基隆河,淡水河
,四分溪,11403E,3,基隆河,淡水河
,草濫溪,11403F,3,基隆河,淡水河
,內溝溪排水,11403G,3,基隆河,淡水河
,安泰溪,11403R,4,內溝溪排水,淡水河
,內雙溪,11403S,4,內溝溪排水,淡水河
,外雙溪,11403T,4,內溝溪排水,淡水河
,猴洞坑溪,11403U,4,內溝溪排水,淡水河
,磺港溪,11403J,3,基隆河,淡水河
,貴子坑溪,11403K,3,基隆河,淡水河
,石厝坑溪,11403L,3,基隆河,淡水河
,拔下二溪,11403M,3,基隆河,淡水河
,關渡溪,11403N,3,基隆河,淡水河
,疏洪道,114040,2,淡水河,淡水河
,樹梅坑溪,114050,2,淡水河,淡水河
15.0,水仙溪,115000,1,,水仙溪
16.0,寶斗溪,116000,1,,寶斗溪
17.0,林口溪,117000,1,,林口溪
18.0,南崁溪,118000,1,,南崁溪
,茄苳溪,118010,2,南崁溪,南崁溪
,霄裡溪排水幹線,118011,3,茄苳溪,南崁溪
,連城溪排水幹線,118012,3,茄苳溪,南崁溪
,皮寮溪幹線,118013,3,茄苳溪,南崁溪
,海湖排水幹線,118020,2,南崁溪,南崁溪
,瓦窯溝排水幹線,118030,2,南崁溪,南崁溪
,番子溝排水幹線,118040,2,南崁溪,南崁溪
,大坑溪排水幹線,118050,2,南崁溪,南崁溪
,番子窩排水幹線,118060,2,南崁溪,南崁溪
,楓樹溪排水幹線,118070,2,南崁溪,南崁溪
,舊路溪排水幹線,118080,2,南崁溪,南崁溪
,徐厝排水幹線,118090,2,南崁溪,南崁溪
,東門溪排水幹線,1180A0,2,南崁溪,南崁溪
,坑子溪,1180B0,2,南崁溪,南崁溪
,土地公排水幹線,1180B1,3,坑子溪,南崁溪
,貓尾崎排水幹線,1180B2,3,坑子溪,南崁溪
19.0,埔心溪,119000,1,,埔心溪
20.0,新街溪,120000,1,,新街溪
21.0,老街溪,121000,1,,老街溪
,洽溪幹線,121010,2,老街溪,老街溪
,龍南幹線,121020,2,老街溪,老街溪
,大坑坎幹線,121030,2,老街溪,老街溪
22.0,富林溪,122000,1,,富林溪
23.0,大堀溪,123000,1,,大堀溪
24.0,觀音溪,124000,1,,觀音溪
25.0,新屋溪,125000,1,,新屋溪
26.0,社子溪,126000,1,,社子溪
,上槺榔溪幹線,126010,2,社子溪,社子溪
,東明溪幹線,126020,2,社子溪,社子溪
,三七北圳幹線,126030,2,社子溪,社子溪
,秀才窩幹線,126040,2,社子溪,社子溪
,老坑溪幹線,126050,2,社子溪,社子溪
,頭重溪幹線,126060,2,社子溪,社子溪
27.0,福興溪排水,127000,1,,福興溪排水
,伯公岡支線,127010,2,福興溪排水,福興溪排水
,六股溪排水,127020,2,福興溪排水,福興溪排水
28.0,新豐溪,128000,1,,新豐溪
,德盛溪排水,128010,2,新豐溪,新豐溪
,四湖支線,128011,3,德盛溪排水,新豐溪
,波羅汶排水,128020,2,新豐溪,新豐溪
,老湖口排水,128021,3,波羅汶排水,新豐溪
,糞箕窩排水,128022,3,波羅汶排水,新豐溪
,北勢排水,128030,2,新豐溪,新豐溪
,長安嶺排水,128031,3,北勢排水,新豐溪
,崩坡缺1號,12803A,4,長安嶺排水,新豐溪
,北窩排水,128032,3,北勢排水,新豐溪
,中崙排水,128040,2,新豐溪,新豐溪
,中崙支線,128041,3,中崙排水,新豐溪
,上坑排水（茄苳溪）,128050,2,新豐溪,新豐溪
,坑子口支線,128051,3,上坑排水（茄苳溪）,新豐溪
29.0,鳳山溪,129000,1,,鳳山溪
,霄裡溪,129010,2,鳳山溪,鳳山溪
,蔡屋坑幹線,129011,3,霄裡溪,鳳山溪
,箭竹窩幹線,129012,3,霄裡溪,鳳山溪
,九芎湖幹線,129013,3,霄裡溪,鳳山溪
,汶水坑幹線,129014,3,霄裡溪,鳳山溪
,鹿鳴坑幹線,129015,3,霄裡溪,鳳山溪
,上吳屋坑幹線,129016,3,霄裡溪,鳳山溪
,下排坑排水,129020,2,鳳山溪,鳳山溪
,燒炭窩坑幹線,129030,2,鳳山溪,鳳山溪
,太平窩坑幹線,129040,2,鳳山溪,鳳山溪
,桃子窩坑支線,129041,3,太平窩坑幹線,鳳山溪
,旱窩壢支線,129042,3,太平窩坑幹線,鳳山溪
,牛車窩壢支線,129043,3,太平窩坑幹線,鳳山溪
,車路壢支線,129044,3,太平窩坑幹線,鳳山溪
,榕樹下坑支線,129045,3,太平窩坑幹線,鳳山溪
,旱坑子幹線,129050,2,鳳山溪,鳳山溪
,石頭坑幹線,129060,2,鳳山溪,鳳山溪
,下內立坑溪線,129070,2,鳳山溪,鳳山溪
,上內立坑溪線,129080,2,鳳山溪,鳳山溪
30.0,頭前溪,130000,1,,頭前溪
,上坪溪,130010,2,頭前溪,頭前溪
,霞喀羅溪,130011,3,上坪溪,頭前溪
,油羅溪,130020,2,頭前溪,頭前溪
,新庄子排水,130021,3,油羅溪,頭前溪
,油羅幹線,130022,3,油羅溪,頭前溪
,內灣幹線,130023,3,油羅溪,頭前溪
,田寮坑幹線,130024,3,油羅溪,頭前溪
,那羅溪,130025,3,油羅溪,頭前溪
,柯子湖溪排水,130030,2,頭前溪,頭前溪
,溝貝幹線,130040,2,頭前溪,頭前溪
,隘口排水,130050,2,頭前溪,頭前溪
,崁下幹線,130060,2,頭前溪,頭前溪
,荳子埔幹線,130061,3,崁下幹線,頭前溪
,燥坑排水分線,13006A,4,荳子埔幹線,頭前溪
,鹿寮坑幹線,130070,2,頭前溪,頭前溪
,王爺坑幹線,130071,3,鹿寮坑幹線,頭前溪
,青窩壢幹線,130080,2,頭前溪,頭前溪
,油車窩幹線,130090,2,頭前溪,頭前溪
,下員山圳1號支線,1300A0,2,頭前溪,頭前溪
,麻園幹線,1300B0,2,頭前溪,頭前溪
,東大排水,1300C0,2,頭前溪,頭前溪
,何姓溪排水幹線,1300D0,2,頭前溪,頭前溪
,冷水坑溪,1300E0,2,頭前溪,頭前溪
31.0,客雅溪排水,131000,1,,客雅溪排水
,湳坑溪（寶1-2排水）,131010,2,客雅溪排水,客雅溪排水
,水尾溝（寶1-1排水）,131011,3,湳坑溪（寶1-2排水）,客雅溪排水
,油田支流（寶1-4排水）,131020,2,客雅溪排水,客雅溪排水
,南門溪,131030,2,客雅溪排水,客雅溪排水
,南門溪支線,131031,3,南門溪,客雅溪排水
,客雅溪延平支線,131040,2,客雅溪排水,客雅溪排水
32.0,鹽港溪排水,132000,1,,鹽港溪排水
,八股排水幹線,132010,2,鹽港溪排水,鹽港溪排水
33.0,新港溪,133000,1,,新港溪
,崎頂里排水,133010,2,新港溪,新港溪
34.0,中港溪,134000,1,,中港溪
,南庄溪,134010,2,中港溪,中港溪
,南河溪,134020,2,中港溪,中港溪
,東河溪,134030,2,中港溪,中港溪
,峨眉溪,134040,2,中港溪,中港溪
,大坪溪,134041,3,峨眉溪,中港溪
,峨眉排水,13404A,4,大坪溪,中港溪
,河背排水,13404B,4,大坪溪,中港溪
,埔尾幹線,13404C,4,大坪溪,中港溪
,峨眉溪2號幹線,13404D,4,大坪溪,中港溪
,大湖排水,13404E,4,大坪溪,中港溪
,社寮坑幹線,134042,3,峨眉溪,中港溪
,峨嵋溪1號幹線,134043,3,峨眉溪,中港溪
,胡爐肚排水,134044,3,峨眉溪,中港溪
,背山排水,134045,3,峨眉溪,中港溪
,水流東排水,134046,3,峨眉溪,中港溪
,富興排水,134047,3,峨眉溪,中港溪
,庚寮坑排水,134048,3,峨眉溪,中港溪
,南港溪,134050,2,中港溪,中港溪
,公館仔排水,134051,3,南港溪,中港溪
,造橋排水,134052,3,南港溪,中港溪
,大西排水,134053,3,南港溪,中港溪
,射流溝排水,134060,2,中港溪,中港溪
,蜆仔溝排水,134070,2,中港溪,中港溪
,灰寮溝排水,134080,2,中港溪,中港溪
,灰寮溝支線排水,134081,3,灰寮溝排水,中港溪
,九車籠排水,134090,2,中港溪,中港溪
,大潭排水支線,134091,3,九車籠排水,中港溪
,龍昇排水支線,134092,3,九車籠排水,中港溪
,帝爺廟前排水支線,134093,3,九車籠排水,中港溪
,九車籠排水支線,134094,3,九車籠排水,中港溪
,談水湖排水,1340A0,2,中港溪,中港溪
,東興排水,1340B0,2,中港溪,中港溪
,土牛溪排水,1340C0,2,中港溪,中港溪
,南河圳排水,1340D0,2,中港溪,中港溪
35.0,後龍溪,135000,1,,後龍溪
,大湖溪,135010,2,後龍溪,後龍溪
,南湖溪,135020,2,後龍溪,後龍溪
,南湖坑排水,135021,3,南湖溪,後龍溪
,竹桐坑排水,135022,3,南湖溪,後龍溪
,汶水溪,135030,2,後龍溪,後龍溪
,鹽水坑溪,135040,2,後龍溪,後龍溪
,雞隆河,135050,2,後龍溪,後龍溪
,沙河溪,135060,2,後龍溪,後龍溪
,打馬溝溪,135061,3,沙河溪,後龍溪
,飛鳳溪,135062,3,沙河溪,後龍溪
,老田寮溪,135070,2,後龍溪,後龍溪
,拔仔崗溪,135071,3,老田寮溪,後龍溪
,新店溪,135080,2,後龍溪,後龍溪
,塭堀溝排水,135090,2,後龍溪,後龍溪
,北勢溪排水,1350A0,2,後龍溪,後龍溪
,大埒尾支線,1350A1,3,北勢溪排水,後龍溪
,南勢坑排水,1350B0,2,後龍溪,後龍溪
,龍坑支線,1350B1,3,南勢坑排水,後龍溪
,水尾大排,1350C0,2,後龍溪,後龍溪
,水尾仔圳,1350C1,3,水尾大排,後龍溪
,西山排水,1350D0,2,後龍溪,後龍溪
,東河排水,1350E0,2,後龍溪,後龍溪
,嘉盛排水,1350F0,2,後龍溪,後龍溪
,公館排水,1350G0,2,後龍溪,後龍溪
,山下圳支線,1350G1,3,公館排水,後龍溪
,北幹線支線,1350G2,3,公館排水,後龍溪
,茄苳溪,1350H0,2,後龍溪,後龍溪
36.0,西湖溪,136000,1,,西湖溪
,海口排水,136010,2,西湖溪,西湖溪
,四季坑排水,136020,2,西湖溪,西湖溪
,新埤圳排水,136030,2,西湖溪,西湖溪
,二湖坑排水,136040,2,西湖溪,西湖溪
,楓廚坑排水,136050,2,西湖溪,西湖溪
,營盤坑排水,136060,2,西湖溪,西湖溪
,斧頭坑排水,136070,2,西湖溪,西湖溪
,大坑排水,136080,2,西湖溪,西湖溪
,鴨母坑排水（龍洞溪）,136090,2,西湖溪,西湖溪
,高埔排水,1360A0,2,西湖溪,西湖溪
,五湖排水,1360B0,2,西湖溪,西湖溪
,水尾溪排水,1360C0,2,西湖溪,西湖溪
,烏眉溪排水,1360C1,3,水尾溪排水,西湖溪
,二十份排水,1360C2,3,水尾溪排水,西湖溪
37.0,通霄溪,137000,1,,通霄溪
,內湖溪排水,137010,2,通霄溪,通霄溪
,圳頭溪排水,137011,3,內湖溪排水,通霄溪
,楓樹溪排水,137012,3,內湖溪排水,通霄溪
38.0,苑裡溪,138000,1,,苑裡溪
,中溝支線排水,138010,2,苑裡溪,苑裡溪
,錦山溝支線排水,138020,2,苑裡溪,苑裡溪
39.0,房裡溪,139000,1,,房裡溪
,南勢林支線排水,139010,2,房裡溪,房裡溪
,十股坑排水,139020,2,房裡溪,房裡溪
40.0,大安溪,140000,1,,大安溪
,馬達拉溪,140010,2,大安溪,大安溪
,雪山溪,140020,2,大安溪,大安溪
,大雪溪,140030,2,大安溪,大安溪
,北坑溪,140040,2,大安溪,大安溪
,雪山坑溪,140050,2,大安溪,大安溪
,烏石坑溪,140060,2,大安溪,大安溪
,景山溪,140070,2,大安溪,大安溪
,老庄溪排水,140080,2,大安溪,大安溪
,卓蘭圳支線排水,140081,3,老庄溪排水,大安溪
,打鐵坑支線排水,140082,3,老庄溪排水,大安溪
,陰溝支線排水,140083,3,老庄溪排水,大安溪
,內灣圳排水,140090,2,大安溪,大安溪
,電火溪排水,1400A0,2,大安溪,大安溪
,石壁坑圳排水,1400B0,2,大安溪,大安溪
,菜園溪支線,1400B1,3,石壁坑圳排水,大安溪
41.0,溫寮溪,141000,1,,溫寮溪
,松子腳排水,141010,2,溫寮溪,溫寮溪
,后里排水,141020,2,溫寮溪,溫寮溪
,外埔第三排水,141030,2,溫寮溪,溫寮溪
,外埔第二排水,141040,2,溫寮溪,溫寮溪
42.0,大甲溪,142000,1,,大甲溪
,七家灣溪,142010,2,大甲溪,大甲溪
,四季郎溪,142020,2,大甲溪,大甲溪
,志樂溪,142030,2,大甲溪,大甲溪
,匹亞桑溪,142040,2,大甲溪,大甲溪
,食水嵙溪排水,142050,2,大甲溪,大甲溪
,番仔埤溝支線,142051,3,食水嵙溪排水,大甲溪
,水美湖底溝排水,142060,2,大甲溪,大甲溪
,三崁排水,142070,2,大甲溪,大甲溪
,旱溝排水,142080,2,大甲溪,大甲溪
,月眉排水支線,142081,3,旱溝排水,大甲溪
,舊社溝支線,142082,3,旱溝排水,大甲溪
,軟埤仔溪排水,142090,2,大甲溪,大甲溪
,陽明山排水,142091,3,軟埤仔溪排水,大甲溪
,下溪洲支線,142092,3,軟埤仔溪排水,大甲溪
,下溪洲分線,14209A,4,下溪洲支線,大甲溪
,牛稠坑溝排水,1420A0,2,大甲溪,大甲溪
,樟仔腳溝支線,1420A1,3,牛稠坑溝排水,大甲溪
,崁腳溝排水,1420B0,2,大甲溪,大甲溪
,鍋底嵙溝排水,1420C0,2,大甲溪,大甲溪
,沙連溪排水,1420D0,2,大甲溪,大甲溪
,中嵙溪支線,1420D1,3,沙連溪排水,大甲溪
,石角溪支線,1420D2,3,沙連溪排水,大甲溪
,旱坑排水,1420E0,2,大甲溪,大甲溪
,頭隘坑排水,1420F0,2,大甲溪,大甲溪
,北港溪,143010,2,大甲溪,大甲溪
,水長流溪,143011,3,北港溪,大甲溪
,水長流排水幹線-2,14301A,4,水長流溪,大甲溪
,水長流排水幹線-3,14301B,4,水長流溪,大甲溪
,水長流排水幹線-4,14301C,4,水長流溪,大甲溪
,水長流排水幹線-5,14301D,4,水長流溪,大甲溪
,北港溪排水幹線-1,143012,3,北港溪,大甲溪
,北港溪排水幹線-2,143013,3,北港溪,大甲溪
,北港溪排水幹線-3,143014,3,北港溪,大甲溪
,北港溪排水幹線-4,143015,3,北港溪,大甲溪
,北港溪排水幹線-5,143016,3,北港溪,大甲溪
,下石門排水幹線,143017,3,北港溪,大甲溪
,國姓排水幹線,143018,3,北港溪,大甲溪
,南港溪,143020,2,大甲溪,大甲溪
,北坑溪排水,143021,3,南港溪,大甲溪
,貓羅溪,143040,2,大甲溪,大甲溪
,平林溪,143041,3,貓羅溪,大甲溪
,樟平溪,143042,3,貓羅溪,大甲溪
,隘寮溪排水,143043,3,貓羅溪,大甲溪
,大里溪,143050,2,大甲溪,大甲溪
,大坑溪,143051,3,大里溪,大甲溪
,廍子溪,143052,3,大里溪,大甲溪
,苧園溪,14305K,4,廍子溪,大甲溪
,坪林排水,14305Q,4,廍子溪,大甲溪
,烏牛欄溪,14305M,4,廍子溪,大甲溪
,龍虎鬪坑排水,14305A,4,廍子溪,大甲溪
,莿仔埔坑排水,14305E,4,廍子溪,大甲溪
,北屯圳,14305J,4,廍子溪,大甲溪
,二重溪,14305L,4,廍子溪,大甲溪
,己人湖溪,14305P,5,二重溪,大甲溪
,番仔溝,14305O,4,廍子溪,大甲溪
,鐮仔坑排水,14305N,4,廍子溪,大甲溪
,頭汴坑溪,143054,3,大里溪,大甲溪
,光隆村興隆村共同排水,14305R,4,頭汴坑溪,大甲溪
,七星排水,14305S,4,頭汴坑溪,大甲溪
,牛角坑溝,14305T,4,頭汴坑溪,大甲溪
,草湖溪,143055,3,大里溪,大甲溪
,北溝溪排水,14305B,4,草湖溪,大甲溪
,乾溪排水,14305C,4,草湖溪,大甲溪
,旱溪排水,143056,3,大里溪,大甲溪
,柳川排水,14305D,4,旱溪排水,大甲溪
,土庫溪排水,14305F,4,旱溪排水,大甲溪
,南屯溪排水,14305Q,5,土庫溪排水,大甲溪
,下橋子頭排水,14305G,4,旱溪排水,大甲溪
,綠川排水,14305H,4,旱溪排水,大甲溪
,大智排水,14305I,4,旱溪排水,大甲溪
,樹玉埤排水,143057,3,大里溪,大甲溪
,中興段排水,143058,3,大里溪,大甲溪
,墘溝埤排水,143059,3,大里溪,大甲溪
,土城埤支線,14305U,4,墘溝埤排水,大甲溪
,溪底溝排水,14305V,3,大里溪,大甲溪
,后溪底排水,14305W,3,大里溪,大甲溪
,后溪底支線,14305X,4,后溪底排水,大甲溪
,興台支線,14305Y,4,后溪底排水,大甲溪
,溪心埧排水,14305Z,3,大里溪,大甲溪
,筏子溪,143060,2,大甲溪,大甲溪
,港尾子溪排水,143061,3,筏子溪,大甲溪
,四塊厝圳支線,14306A,4,港尾子溪排水,大甲溪
,十四張圳支線,14306B,4,港尾子溪排水,大甲溪
,員寶庄圳支線,14306C,4,港尾子溪排水,大甲溪
,牛埔庄圳支線,14306S,5,員寶庄圳支線,大甲溪
,大埔厝圳支線,14306D,4,港尾子溪排水,大甲溪
,東員寶支線,14306T,5,大埔厝圳支線,大甲溪
,林厝排水,143062,3,筏子溪,大甲溪
,下林厝坑,14306F,4,林厝排水,大甲溪
,水崛頭坑,14306Q,5,下林厝坑,大甲溪
,大社支線七號支線,14306K,4,林厝排水,大甲溪
,普濟溪,143063,3,筏子溪,大甲溪
,東大溪,14306E,4,普濟溪,大甲溪
,內新庄子溪,143064,3,筏子溪,大甲溪
,惠來溪,14306G,4,內新庄子溪,大甲溪
,潮洋溪,14306R,5,惠來溪,大甲溪
,黎明溝,14306H,4,內新庄子溪,大甲溪
,劉厝溪,143065,3,筏子溪,大甲溪
,鎮平溪,14306I,4,劉厝溪,大甲溪
,南邊溪,143066,3,筏子溪,大甲溪
,文山溪,143067,3,筏子溪,大甲溪
,七星溪,14306J,4,文山溪,大甲溪
,十三寮排水,143068,3,筏子溪,大甲溪
,上橫山支線,14306L,4,十三寮排水,大甲溪
,下員林支線,14306M,4,十三寮排水,大甲溪
,中央圳七輪支線,14306N,4,十三寮排水,大甲溪
,大雅排水,143069,3,筏子溪,大甲溪
,三角泳支線,14306O,4,大雅排水,大甲溪
,塔蓮溝支線,14306P,4,大雅排水,大甲溪
,同安厝排水,143070,2,大甲溪,大甲溪
,崁子腳排水,143080,2,大甲溪,大甲溪
,社子腳坑支線,143081,3,崁子腳排水,大甲溪
,追分排水,143090,2,大甲溪,大甲溪
,王田支線,143091,3,追分排水,大甲溪
,王田石坑排水,1430A0,2,大甲溪,大甲溪
,成功嶺排水,1430B0,2,大甲溪,大甲溪
,溪尾寮排水,1430C0,2,大甲溪,大甲溪
,龜坑排水幹線,1430D0,2,大甲溪,大甲溪
,龜坑排水幹線-1,1430D1,3,龜坑排水幹線,大甲溪
,龜坑排水幹線-2,1430D2,3,龜坑排水幹線,大甲溪
,龜坑排水幹線-3,1430D3,3,龜坑排水幹線,大甲溪
44.0,萬寮溪,144000,1,,萬寮溪
45.0,洋仔厝溪,145000,1,,洋仔厝溪
46.0,員林大排水(鹿港溪),146000,1,,員林大排水(鹿港溪)
47.0,舊濁水溪(麥嶼溪),147000,1,,舊濁水溪(麥嶼溪)
48.0,萬興排水幹線(舊濁水溪),148000,1,,萬興排水幹線(舊濁水溪)
49.0,二林溪(沙山溪),149000,1,,二林溪(沙山溪)
50.0,魚寮溪,150000,1,,魚寮溪
51.0,濁水溪,151000,1,,濁水溪
,陳有蘭溪,151010,2,濁水溪,濁水溪
,和社溪,151011,3,陳有蘭溪,濁水溪
,沙里仙溪,151012,3,陳有蘭溪,濁水溪
,阿里不動溪,151013,3,陳有蘭溪,濁水溪
,筆石溪,151014,3,陳有蘭溪,濁水溪
,十八重溪,151015,3,陳有蘭溪,濁水溪
,內茅埔溪,151016,3,陳有蘭溪,濁水溪
,郡坑溪,151017,3,陳有蘭溪,濁水溪
,蒼庫溪,151018,3,陳有蘭溪,濁水溪
,清水溪,151020,2,濁水溪,濁水溪
,阿里山溪,151021,3,清水溪,濁水溪
,加走寮溪,151022,3,清水溪,濁水溪
,內田子溪,151023,3,清水溪,濁水溪
,雷公坑溪,151025,3,清水溪,濁水溪
,東埔蚋溪,151030,2,濁水溪,濁水溪
,萬大溪,151040,2,濁水溪,濁水溪
,卡社溪,151050,2,濁水溪,濁水溪
,郡大溪,151060,2,濁水溪,濁水溪
,巒大溪,151061,3,郡大溪,濁水溪
,丹大溪,151070,2,濁水溪,濁水溪
,卓棍溪,151080,2,濁水溪,濁水溪
,水里溪,151090,2,濁水溪,濁水溪
,南清水溝溪,1510A0,2,濁水溪,濁水溪
,塔羅灣溪,1510B0,2,濁水溪,濁水溪
52.0,新虎尾溪,152000,1,,新虎尾溪
53.0,舊虎尾溪,153000,1,,舊虎尾溪
54.0,北港溪,154000,1,,北港溪
,虎尾溪,154010,2,北港溪,北港溪
,石榴班溪,154011,3,虎尾溪,北港溪
,石仔坑溪,15401D,4,石榴班溪,北港溪
,內林溪,15401A,4,石榴班溪,北港溪
,牛埔溪,15401B,4,石榴班溪,北港溪
,大埔溪,154012,3,虎尾溪,北港溪
,海豐崙溪,154013,3,虎尾溪,北港溪
,雲林溪,154015,3,虎尾溪,北港溪
,芭蕉溪,15401C,4,雲林溪,北港溪
,三疊溪,154020,2,北港溪,北港溪
,九芎坑溪,154021,3,三疊溪,北港溪
,石龜溪,154022,3,三疊溪,北港溪
,興安排水,154023,3,三疊溪,北港溪
,興安中排四,15402A,4,興安排水,北港溪
,葉子寮溪,154024,3,三疊溪,北港溪
,大湖口溪,154030,2,北港溪,北港溪
,石牛溪,154040,2,北港溪,北港溪
,崙子溪,154041,3,石牛溪,北港溪
55.0,朴子溪,155000,1,,朴子溪
,牛稠溪,155010,2,朴子溪,朴子溪
,阿拔泉溪,155020,2,朴子溪,朴子溪
,崎腳溪,155030,2,朴子溪,朴子溪
,白樹腳溪,155040,2,朴子溪,朴子溪
,東廣寮溪,155041,3,白樹腳溪,朴子溪
,濁水溪,155050,2,朴子溪,朴子溪
,番子路科溪,155051,3,濁水溪,朴子溪
,清水溪,155052,3,濁水溪,朴子溪
,頂埔溪,15505A,4,清水溪,朴子溪
,獅子頭溪,155060,2,朴子溪,朴子溪
,嘉義排水,155070,2,朴子溪,朴子溪
,麻魚寮排水,155080,2,朴子溪,朴子溪
,埤麻腳排水,155081,3,麻魚寮排水,朴子溪
56.0,內田排水排水路(鹿草溪),156000,1,,內田排水排水路(鹿草溪)
57.0,龍宮溪,157000,1,,龍宮溪
58.0,八掌溪,158000,1,,八掌溪
,赤蘭溪,158010,2,八掌溪,八掌溪
,澐水溪,158011,3,赤蘭溪,八掌溪
,石硦溪,15801A,4,澐水溪,八掌溪
,頭前溪,158020,2,八掌溪,八掌溪
,牛稠埔坑溪,158021,3,頭前溪,八掌溪
,湖子內排水(在來排水),158030,2,八掌溪,八掌溪
,後庄排水(隆恩排水),158040,2,八掌溪,八掌溪
59.0,急水溪,159000,1,,急水溪
,龜重溪,159010,2,急水溪,急水溪
,鹿寮溪,159011,3,龜重溪,急水溪
,茄苳溪,159012,3,龜重溪,急水溪
,白水溪,159020,2,急水溪,急水溪
,仙草埔溪,159021,3,白水溪,急水溪
,六重溪,159030,2,急水溪,急水溪
60.0,將軍溪排水(將軍溪),160000,1,,將軍溪排水(將軍溪)
61.0,劉厝排水(七股溪),161000,1,,劉厝排水(七股溪)
,大塭寮排水(三股溪),161010,2,劉厝排水(七股溪),劉厝排水(七股溪)
63.0,曾文溪,163000,1,,曾文溪
,後堀溪,163010,2,曾文溪,曾文溪
,菜寮溪,163020,2,曾文溪,曾文溪
,密枝溪,163030,2,曾文溪,曾文溪
,油車溪,163040,2,曾文溪,曾文溪
,灣丘溪,163041,3,油車溪,曾文溪
,後旦溪,163050,2,曾文溪,曾文溪
,官田溪,163060,2,曾文溪,曾文溪
64.0,鹿耳門溪(鹿耳門排水),164000,1,,鹿耳門溪(鹿耳門排水)
,學甲寮中排,164010,2,鹿耳門溪(鹿耳門排水),鹿耳門溪(鹿耳門排水)
,溪南寮排水,164020,2,鹿耳門溪(鹿耳門排水),鹿耳門溪(鹿耳門排水)
,溪筏港之一排水,164030,2,鹿耳門溪(鹿耳門排水),鹿耳門溪(鹿耳門排水)
,溪筏港之二排水,164040,2,鹿耳門溪(鹿耳門排水),鹿耳門溪(鹿耳門排水)
,土城排水,164050,2,鹿耳門溪(鹿耳門排水),鹿耳門溪(鹿耳門排水)
,土城仔小排一之三,164060,2,鹿耳門溪(鹿耳門排水),鹿耳門溪(鹿耳門排水)
65.0,鹽水溪,165000,1,,鹽水溪
,虎頭溪排水,165010,2,鹽水溪,鹽水溪
,許縣溪,165020,2,鹽水溪,鹽水溪
,那拔林溪,165030,2,鹽水溪,鹽水溪
,大洲排水,165040,2,鹽水溪,鹽水溪
,柴頭港溪排水,165050,2,鹽水溪,鹽水溪
,鹽水溪排水,165060,2,鹽水溪,鹽水溪
,曾文溪排水,165061,3,鹽水溪排水,鹽水溪
,安順寮排水,165062,3,鹽水溪排水,鹽水溪
66.0,二仁溪,166000,1,,二仁溪
,三爺溪排水(三爺宮,166010,2,二仁溪,二仁溪
,西機場排水,166011,3,三爺溪排水(三爺宮,二仁溪
,牛稠埔溪,166020,2,二仁溪,二仁溪
,松子腳溪,166030,2,二仁溪,二仁溪
,深坑子溪,166040,2,二仁溪,二仁溪
,港尾溝排水,166050,2,二仁溪,二仁溪
67.0,阿公店溪,167000,1,,阿公店溪
,濁水溪,167010,2,阿公店溪,阿公店溪
,旺萊溪,167020,2,阿公店溪,阿公店溪
,土庫排水,167030,2,阿公店溪,阿公店溪
,岡山溪,167040,2,阿公店溪,阿公店溪
68.0,典寶溪排水,168000,1,,典寶溪排水
69.0,後勁溪,169000,1,,後勁溪
71.0,前鎮河,171000,1,,前鎮河
72.0,鹽水港溪(山鹽溪),172000,1,,鹽水港溪(山鹽溪)
73.0,高屏溪,173000,1,,高屏溪
,荖濃溪,173010,2,高屏溪,高屏溪
,濁口溪,173011,3,荖濃溪,高屏溪
,寶來溪,173012,3,荖濃溪,高屏溪
,邦腹溪,173013,3,荖濃溪,高屏溪
,扇平溪,173014,3,荖濃溪,高屏溪
,隘寮溪,173020,2,高屏溪,高屏溪
,武洛溪,173021,3,隘寮溪,高屏溪
,隘寮北溪,173022,3,隘寮溪,高屏溪
,隘寮南溪,173023,3,隘寮溪,高屏溪
,旗山溪,173030,2,高屏溪,高屏溪
,口隘溪,173031,3,旗山溪,高屏溪
,美濃溪,173032,3,旗山溪,高屏溪
,武鹿溪,173033,3,旗山溪,高屏溪
,吉洋排水,173034,3,旗山溪,高屏溪
,外六寮排水,173035,3,旗山溪,高屏溪
,高雄農場排水,17303A,4,外六寮排水,高屏溪
,隘丁寮溪,173036,3,旗山溪,高屏溪
,那都魯薩溪（老人溪）,173037,3,旗山溪,高屏溪
74.0,東港溪,174000,1,,東港溪
,牛角灣溪,174010,2,東港溪,東港溪
,萬安溪,174020,2,東港溪,東港溪
75.0,牛埔溪,175000,1,,牛埔溪
76.0,林邊溪,176000,1,,林邊溪
,力力溪,176010,2,林邊溪,林邊溪
77.0,佳冬溪,177000,1,,佳冬溪
78.0,北勢溪,178000,1,,北勢溪
79.0,率芒溪,179000,1,,率芒溪
80.0,南湖溪,180000,1,,南湖溪
81.0,十里溪,181000,1,,十里溪
82.0,枋山溪,182000,1,,枋山溪
83.0,楓港溪,183000,1,,楓港溪
84.0,石盤溪,184000,1,,石盤溪
85.0,四重溪,185000,1,,四重溪
,里仁溪,185010,2,四重溪,四重溪
,牡丹溪,185020,2,四重溪,四重溪
,竹社溪,185030,2,四重溪,四重溪
,大梅溪,185040,2,四重溪,四重溪
86.0,保力溪,186000,1,,保力溪
87.0,港口溪,201000,1,,港口溪
,吧沙加魯溪,201010,2,港口溪,港口溪
,小路溪,201020,2,港口溪,港口溪
,欖仁溪,201030,2,港口溪,港口溪
,老佛溪,201040,2,港口溪,港口溪
,加都魯溪,201050,2,港口溪,港口溪
,林祿溪,201060,2,港口溪,港口溪
,白沙彌溪,201070,2,港口溪,港口溪
88.0,九棚溪,202000,1,,九棚溪
89.0,港子溪,203000,1,,港子溪
90.0,旭海溪(牡丹溪),204000,1,,旭海溪(牡丹溪)
91.0,乾溪(里仁溪),205000,1,,乾溪(里仁溪)
92.0,塔瓦溪,206000,1,,塔瓦溪
93.0,達仁溪,207000,1,,達仁溪
94.0,安朔溪,208000,1,,安朔溪
95.0,朝庸溪,209000,1,,朝庸溪
96.0,大武溪,210000,1,,大武溪
97.0,烏萬溪,211000,1,,烏萬溪
98.0,津林溪,212000,1,,津林溪
99.0,大竹溪,213000,1,,大竹溪
100.0,金崙溪,214000,1,,金崙溪
101.0,太麻里溪,215000,1,,太麻里溪
102.0,文里溪,216000,1,,文里溪
103.0,知本溪,217000,1,,知本溪
104.0,利嘉溪,218000,1,,利嘉溪
105.0,太平溪,219000,1,,太平溪
106.0,卑南溪,220000,1,,卑南溪
,新武呂溪,220010,2,卑南溪,卑南溪
,鹿寮溪,220020,2,卑南溪,卑南溪
,鹿野溪,220030,2,卑南溪,卑南溪
,鹿鳴溪,220031,3,鹿野溪,卑南溪
,嘉豐溪,220032,3,鹿野溪,卑南溪
,嘉豐二號溪,220033,3,鹿野溪,卑南溪
,和平溪,220034,3,鹿野溪,卑南溪
,嘉豐一號溪,220035,3,鹿野溪,卑南溪
,萬安溪,220040,2,卑南溪,卑南溪
,泥水溪,220050,2,卑南溪,卑南溪
,嘉武溪,220060,2,卑南溪,卑南溪
,紅石溪,220070,2,卑南溪,卑南溪
,崁頂溪,220080,2,卑南溪,卑南溪
,加鹿溪,220090,2,卑南溪,卑南溪
,加典溪,2200A0,2,卑南溪,卑南溪
,濁水溪,2200B0,2,卑南溪,卑南溪
,中野溪,2200C0,2,卑南溪,卑南溪
,山里溪,2200D0,2,卑南溪,卑南溪
,富源溪,2200E0,2,卑南溪,卑南溪
,拉庫散溪,2200F0,2,卑南溪,卑南溪
,木坑溪,2200G0,2,卑南溪,卑南溪
,石山溪,2200H0,2,卑南溪,卑南溪
,山里一號溪,2200I0,2,卑南溪,卑南溪
,電光一號溪,2200J0,2,卑南溪,卑南溪
,電光二號溪,2200K0,2,卑南溪,卑南溪
,大崙溪,2200L0,2,卑南溪,卑南溪
107.0,都蘭溪,221000,1,,都蘭溪
108.0,八里溪,222000,1,,八里溪
109.0,馬武溪,223000,1,,馬武溪
110.0,成功溪,224000,1,,成功溪
111.0,富家溪,225000,1,,富家溪
112.0,都威溪,226000,1,,都威溪
113.0,沙灣溪,227000,1,,沙灣溪
114.0,寧埔溪,228000,1,,寧埔溪
115.0,竹湖溪,229000,1,,竹湖溪
116.0,大德溪,230000,1,,大德溪
117.0,長濱溪,231000,1,,長濱溪
118.0,城埔溪,232000,1,,城埔溪
119.0,馬海溪,233000,1,,馬海溪
120.0,山間溪,234000,1,,山間溪
121.0,水母溪,235000,1,,水母溪
122.0,三富溪,236000,1,,三富溪
123.0,秀姑巒溪,237000,1,,秀姑巒溪
,三笠溪,237010,2,秀姑巒溪,秀姑巒溪
,樂樂溪,237020,2,秀姑巒溪,秀姑巒溪
,清水溪,237021,3,樂樂溪,秀姑巒溪
,豐坪溪,237040,2,秀姑巒溪,秀姑巒溪
,中平溪,237041,3,豐坪溪,秀姑巒溪
,紅葉溪,237050,2,秀姑巒溪,秀姑巒溪
,富源溪,237060,2,秀姑巒溪,秀姑巒溪
,富興溪,237061,3,富源溪,秀姑巒溪
,太多蘭溪,237062,3,富源溪,秀姑巒溪
,大肚滑溪,237063,3,富源溪,秀姑巒溪
,阿夜西溪,237064,3,富源溪,秀姑巒溪
,馬遠溪,237065,3,富源溪,秀姑巒溪
,大坡溪,237070,2,秀姑巒溪,秀姑巒溪
,螺仔溪,237090,2,秀姑巒溪,秀姑巒溪
,崙天溪,2370A0,2,秀姑巒溪,秀姑巒溪
,打巴溪,2370A1,3,崙天溪,秀姑巒溪
,秀巒溪,2370A2,3,崙天溪,秀姑巒溪
,九岸溪,2370B0,2,秀姑巒溪,秀姑巒溪
,馬加祿溪,2370C0,2,秀姑巒溪,秀姑巒溪
,阿眉溪,2370D0,2,秀姑巒溪,秀姑巒溪
,安通溪,2370E0,2,秀姑巒溪,秀姑巒溪
,樂合溪,2370F0,2,秀姑巒溪,秀姑巒溪
,高寮溪,2370G0,2,秀姑巒溪,秀姑巒溪
,尋腰溪,2370H0,2,秀姑巒溪,秀姑巒溪
,阿美溪,2370I0,2,秀姑巒溪,秀姑巒溪
,呂範溪,2370J0,2,秀姑巒溪,秀姑巒溪
,苓仔溪【苓雅溪】,2370K0,2,秀姑巒溪,秀姑巒溪
,樂和溪,2370L0,2,秀姑巒溪,秀姑巒溪
,石公溪,2370M0,2,秀姑巒溪,秀姑巒溪
124.0,豐濱溪,238000,1,,豐濱溪
125.0,加蘭溪,239000,1,,加蘭溪
126.0,蕃寮溪,240000,1,,蕃寮溪
127.0,水璉溪,241000,1,,水璉溪
128.0,花蓮溪,242000,1,,花蓮溪
,光復溪,242010,2,花蓮溪,花蓮溪
,大興溪,242011,3,光復溪,花蓮溪
,馬太鞍溪【馬鞍溪】,242020,2,花蓮溪,花蓮溪
,萬里溪,242030,2,花蓮溪,花蓮溪
,壽豐溪,242040,2,花蓮溪,花蓮溪
,木瓜溪,242050,2,花蓮溪,花蓮溪
,文蘭溪,242051,3,木瓜溪,花蓮溪
,河內溪,242060,2,花蓮溪,花蓮溪
,馬佛溪,242070,2,花蓮溪,花蓮溪
,羅莫溪,242080,2,花蓮溪,花蓮溪
,加里洞溪,242090,2,花蓮溪,花蓮溪
,鳳林溪,2420A0,2,花蓮溪,花蓮溪
,北清水溪,2420B0,2,花蓮溪,花蓮溪
,麗太溪,2420D0,2,花蓮溪,花蓮溪
,南清水溪,2420E0,2,花蓮溪,花蓮溪
,大和溪,2420F0,2,花蓮溪,花蓮溪
129.0,吉安溪,243000,1,,吉安溪
130.0,美崙溪,244000,1,,美崙溪
131.0,三棧溪,245000,1,,三棧溪
132.0,立霧溪,246000,1,,立霧溪
133.0,石公溪,247000,1,,石公溪
134.0,大富溪,248000,1,,大富溪
135.0,大清水溪,249000,1,,大清水溪
136.0,和平溪,250000,1,,和平溪
,和平北溪,250010,2,和平溪,和平溪
,和平南溪,250020,2,和平溪,和平溪
137.0,南澳溪,251000,1,,南澳溪
,南澳北溪,251010,2,南澳溪,南澳溪
,南澳南溪,251020,2,南澳溪,南澳溪
138.0,東澳溪,252000,1,,東澳溪
139.0,蘇澳溪,253000,1,,蘇澳溪
,白米溪,253010,2,蘇澳溪,蘇澳溪
140.0,新城溪,254000,1,,新城溪
141.0,冬山河,255000,1,,冬山河
,五結排水,255010,2,冬山河,冬山河
,二結排水,255011,3,五結排水,冬山河
,大吉排水,255012,3,五結排水,冬山河
,四結排水,255013,3,五結排水,冬山河
,廣興排水,255014,3,五結排水,冬山河
,平行水路排水,255020,2,冬山河,冬山河
,大埔排水,255021,3,平行水路排水,冬山河
,打那岸排水,255030,2,冬山河,冬山河
,月眉排水,255031,3,打那岸排水,冬山河
,十六份排水,255040,2,冬山河,冬山河
,冬螺排水,255041,3,十六份排水,冬山河
,羅莊排水,25504A,4,冬螺排水,冬山河
,北富八仙排水,255042,3,十六份排水,冬山河
,冬山河北側排水,255050,2,冬山河,冬山河
,新寮溪,255060,2,冬山河,冬山河
,十三份坑排水,255061,3,新寮溪,冬山河
,五股排水（冬山）,255070,2,冬山河,冬山河
,林和源排水,255080,2,冬山河,冬山河
,林寶春排水,255081,3,林和源排水,冬山河
,安平坑排水,255090,2,冬山河,冬山河
,照安坑排水,255091,3,安平坑排水,冬山河
,舊寮溪,2550A0,2,冬山河,冬山河
142.0,蘭陽溪,256000,1,,蘭陽溪
,羅東溪,256010,2,蘭陽溪,蘭陽溪
,打狗溪,256011,3,羅東溪,蘭陽溪
,安農溪,256012,3,羅東溪,蘭陽溪
,大坑溪,25601C,4,安農溪,蘭陽溪
,柑仔坑溪,25601D,4,安農溪,蘭陽溪
,三星排水,25601A,4,安農溪,蘭陽溪
,阿里史排水,25601B,4,安農溪,蘭陽溪
,萬富大排,25601E,4,安農溪,蘭陽溪
,行健溪,25601F,4,安農溪,蘭陽溪
,出水溪,256013,3,羅東溪,蘭陽溪
,宜蘭河(宜蘭溪),256020,2,蘭陽溪,蘭陽溪
,五十溪,256021,3,宜蘭河(宜蘭溪),蘭陽溪
,中城排水,25602E,4,五十溪,蘭陽溪
,茄苳林二排,25602F,4,五十溪,蘭陽溪
,大湖排水,25602D,4,五十溪,蘭陽溪
,大湖溪,256022,3,宜蘭河(宜蘭溪),蘭陽溪
,大礁溪,256023,3,宜蘭河(宜蘭溪),蘭陽溪
,小礁溪,256024,3,宜蘭河(宜蘭溪),蘭陽溪
,廍後排水,256025,3,宜蘭河(宜蘭溪),蘭陽溪
,壯東一大排,256026,3,宜蘭河(宜蘭溪),蘭陽溪
,梅洲大排,256027,3,宜蘭河(宜蘭溪),蘭陽溪
,頭份大排,256028,3,宜蘭河(宜蘭溪),蘭陽溪
,梅洲中排二,256029,3,宜蘭河(宜蘭溪),蘭陽溪
,美福排水,25602A,3,宜蘭河(宜蘭溪),蘭陽溪
,舊港排水,25602B,4,美福排水,蘭陽溪
,建業排水,25602C,4,美福排水,蘭陽溪
,清水溪,256030,2,蘭陽溪,蘭陽溪
,牛鬥坑溪,256031,3,清水溪,蘭陽溪
,粗坑溪,256040,2,蘭陽溪,蘭陽溪
,頂粗坑溪,256050,2,蘭陽溪,蘭陽溪
,崙埤溪,256060,2,蘭陽溪,蘭陽溪
,破鐺溪,256070,2,蘭陽溪,蘭陽溪
,松羅溪,256080,2,蘭陽溪,蘭陽溪
,圓山溪,256090,2,蘭陽溪,蘭陽溪
,梵梵溪,2560A0,2,蘭陽溪,蘭陽溪
,排谷溪,2560B0,2,蘭陽溪,蘭陽溪
,東壘溪,2560C0,2,蘭陽溪,蘭陽溪
,碼崙溪,2560D0,2,蘭陽溪,蘭陽溪
,土場溪,2560E0,2,蘭陽溪,蘭陽溪
,天狗溪,2560F0,2,蘭陽溪,蘭陽溪
,嘉興溪,2560G0,2,蘭陽溪,蘭陽溪
,加蘭溪,2560H0,2,蘭陽溪,蘭陽溪
,德荃溪,2560I0,2,蘭陽溪,蘭陽溪
,志航溪,2560J0,2,蘭陽溪,蘭陽溪
,茂安溪,2560K0,2,蘭陽溪,蘭陽溪
,留茂安溪,2560L0,2,蘭陽溪,蘭陽溪
,加納富溪,2560M0,2,蘭陽溪,蘭陽溪
,碧水溪,2560N0,2,蘭陽溪,蘭陽溪
,四重溪,2560O0,2,蘭陽溪,蘭陽溪
,美優溪,2560P0,2,蘭陽溪,蘭陽溪
,實谷富溪,2560Q0,2,蘭陽溪,蘭陽溪
,夫布爾溪,2560R0,2,蘭陽溪,蘭陽溪
,石頭溪,2560S0,2,蘭陽溪,蘭陽溪
,埤南溪,2560T0,2,蘭陽溪,蘭陽溪
,北古斯溪,2560U0,2,蘭陽溪,蘭陽溪
,卑優安溪,2560V0,2,蘭陽溪,蘭陽溪
,保養溪,2560W0,2,蘭陽溪,蘭陽溪
,美羅溪,2560X0,2,蘭陽溪,蘭陽溪
143.0,得子口溪,257000,1,,得子口溪
,七結排水,257010,2,得子口溪,得子口溪
,竹安排水,257020,2,得子口溪,得子口溪
,十三股大排,257030,2,得子口溪,得子口溪
,壯西排水,257031,3,十三股大排,得子口溪
,大富排水,257032,3,十三股大排,得子口溪
,武暖排水,257040,2,得子口溪,得子口溪
,黃德記排水,257041,3,武暖排水,得子口溪
,猴洞溪,257050,2,得子口溪,得子口溪
,抵美簡排水,257051,3,猴洞溪,得子口溪
,下埔排水,257052,3,猴洞溪,得子口溪
,砂仔港排水（礁溪）,257060,2,得子口溪,得子口溪
,湯圍中一排,257061,3,砂仔港排水（礁溪）,得子口溪
,二龍排水,257070,2,得子口溪,得子口溪
,民生排水,257080,2,得子口溪,得子口溪
,李寶興排水,257090,2,得子口溪,得子口溪
144.0,金面溪,258000,1,,金面溪
145.0,福德溪,259000,1,,福德溪
146.0,頭城溪,260000,1,,頭城溪
147.0,大溪川,261000,1,,大溪川
149.0,尖山腳溪,263000,1,,尖山腳溪
150.0,瑪鋉溪,264000,1,,瑪鋉溪
151.0,員潭溪,265000,1,,員潭溪
